/*
SQLyog Ultimate v10.00 Beta1
MySQL - 8.0.26 : Database - petfinder
*********************************************************************
*/

/*!40101 SET NAMES utf8 */;

/*!40101 SET SQL_MODE=''*/;

/*!40014 SET @OLD_UNIQUE_CHECKS=@@UNIQUE_CHECKS, UNIQUE_CHECKS=0 */;
/*!40014 SET @OLD_FOREIGN_KEY_CHECKS=@@FOREIGN_KEY_CHECKS, FOREIGN_KEY_CHECKS=0 */;
/*!40101 SET @OLD_SQL_MODE=@@SQL_MODE, SQL_MODE='NO_AUTO_VALUE_ON_ZERO' */;
/*!40111 SET @OLD_SQL_NOTES=@@SQL_NOTES, SQL_NOTES=0 */;
CREATE DATABASE /*!32312 IF NOT EXISTS*/`petfinder` /*!40100 DEFAULT CHARACTER SET utf8 */ /*!80016 DEFAULT ENCRYPTION='N' */;

USE `petfinder`;

/*Table structure for table `adopt` */

DROP TABLE IF EXISTS `adopt`;

CREATE TABLE `adopt` (
  `id` bigint NOT NULL AUTO_INCREMENT COMMENT 'id',
  `userId` bigint DEFAULT NULL COMMENT '用户id',
  `categoriesId` bigint DEFAULT NULL COMMENT '分类id',
  `name` text COMMENT '宠物名字',
  `size` text COMMENT '宠物型号 1-已免疫；2-已驱虫；3-已绝育',
  `age` text COMMENT '宠物年龄',
  `sex` text COMMENT '宠物性别',
  `status` text COMMENT '宠物状态',
  `create_time` datetime DEFAULT NULL COMMENT '创建时间',
  `update_time` datetime DEFAULT NULL COMMENT '更新时间',
  `description` text COMMENT '主人描述',
  `requirement` text COMMENT '领养条件',
  `deleted` bigint DEFAULT '0' COMMENT '是否发布：0-发布，1-已经完成',
  `address` text COMMENT '地址',
  `nickname` text COMMENT '称呼',
  `tel` text COMMENT '电话',
  `mark` text COMMENT '标记',
  `images` text,
  PRIMARY KEY (`id`)
) ENGINE=InnoDB AUTO_INCREMENT=46 DEFAULT CHARSET=utf8mb3;

/*Data for the table `adopt` */

insert  into `adopt`(`id`,`userId`,`categoriesId`,`name`,`size`,`age`,`sex`,`status`,`create_time`,`update_time`,`description`,`requirement`,`deleted`,`address`,`nickname`,`tel`,`mark`,`images`) values (16,1,10,NULL,'s','2','s','0','2022-06-10 11:33:23','2022-06-10 11:33:23','3',NULL,0,'1','s','s','1654860802537',NULL),(17,1,11,NULL,'s','2','s','0','2022-06-10 11:33:58','2022-06-10 11:33:58','3',NULL,0,'1','s','s','1654860837588',NULL),(18,1,12,NULL,'s','2','s','0','2022-06-10 11:34:00','2022-06-10 11:34:00','3',NULL,0,'1','s','s','1654860839742',NULL),(19,1,12,NULL,'s','2','s','0','2022-06-10 12:59:18','2022-06-10 12:59:18','3',NULL,0,'1','s','s','1654865958445',NULL),(20,8,12,NULL,'a','3','male','0','2022-06-10 13:33:28','2022-06-10 15:25:01','3',NULL,1,'1','a','a','1654868007960',NULL),(21,8,12,'昵称','2','2周岁','female','0','2022-06-10 13:38:05','2022-06-10 13:38:05','描述','领养要求',0,'福建福州','主人昵称','000-000-3333','1654868284647',NULL),(22,8,10,'猫','1','6个月','female','0','2022-06-10 13:47:54','2022-06-10 13:47:54','无','暂无',0,'福建泉州','主人','000-000-3333','1654868874076',NULL),(23,8,10,'流浪猫','2','4个月','female','0','2022-06-10 13:52:50','2022-06-10 15:30:53','它很活泼','无',0,'北京','主人','000-000-3333','1654869170409',NULL),(24,8,11,'狗','2','6个月','male','0','2022-06-10 14:17:05','2022-06-10 14:17:05','暂无','无',1,'福建','主人昵称','000-000-3333','1654870625327',NULL),(25,8,10,'猫猫','3','1岁','male','0','2022-06-10 16:57:14','2022-06-10 16:57:14','无','无',0,'福建泉州','主人昵称','13100000000','1654880233898',NULL),(26,8,10,'猫','1','6个月','other','0','2022-06-10 16:58:14','2022-06-10 16:58:14','无','暂无',0,'福建福州','无','000-222-888','1654880293537',NULL),(27,8,10,'猫','3','6个月','female','0','2022-06-10 18:18:54','2022-06-10 18:18:54','无','无',0,'北京','主人昵称','000-000-3333','1654885133807',NULL),(28,8,10,'流浪猫','2','13个月','other','0','2022-06-10 18:23:17','2022-06-10 18:23:17','无','无',0,'福建','主人昵称','000-222-888','1654885397281',NULL),(29,8,12,'其他猫','3','6个月','female','0','2022-06-11 05:14:37','2022-06-11 05:14:37','无','无',1,'北京','猫主','000-222-888','1654924477096',NULL),(30,8,12,'其他猫','3','6个月','female','0','2022-06-11 05:14:38','2022-06-11 05:14:38','无','无',1,'北京','猫主','000-222-888','1654924478122',NULL),(31,8,10,'流浪猫','3','3岁','male','0','2022-06-11 07:21:03','2022-06-11 07:21:03','它很可爱','无',0,'福建福州','主人昵称','000-000-3333','1654932062740',NULL),(32,8,12,'猫猫','2','3岁','male','0','2022-06-11 07:41:35','2022-06-11 07:41:35','暂无','暂无',0,'福建','主人','000-222-888','1654933294586',NULL),(33,9,11,'旺财','2','3','male','0','2022-06-11 09:21:53','2022-06-11 09:21:53','它是一只可爱活泼的小狗。','有一定的经济能力。',0,'福建省福州市福州大学','哈哈怪','12233445678','1654939313165',NULL),(34,9,11,'土土','1','2','female','0','2022-06-11 09:25:16','2022-06-11 09:25:16','它是一只呆呆的小狗。','有一定经济能力。',0,'福建省厦门市厦门大学','嘻嘻怪','12233447778','1654939515829',NULL),(35,9,11,'甜甜','1','1','female','0','2022-06-11 09:27:51','2022-06-11 09:27:51','它很乖。','有钱。',0,'福建省福州市福建师范大学','嗯嗯怪','12233445678','1654939670525',NULL),(36,9,11,'小帅气','3','2','male','0','2022-06-11 09:28:59','2022-06-11 09:28:59','它很干净。','爱干净。',0,'福建省福州市福州大学','哈哈怪','13722331203','1654939738493',NULL),(37,9,11,'点点','1','1','male','0','2022-06-11 09:32:47','2022-06-11 09:32:47','无','无',0,'福建省福州市福州大学','嘻嘻怪','13722331203','1654939967038',NULL),(38,9,11,'圆圆','1','1','female','0','2022-06-11 09:33:50','2022-06-11 09:33:50','无。','无',0,'福建省福州市福州第一中学','嘻嘻怪','13722331203','1654940029989',NULL),(39,9,11,'小一','1','1','male','0','2022-06-11 09:34:30','2022-06-11 09:34:30','无','0',0,'福建省福州市福州大学','嘻嘻怪','13722331203','1654940070162',NULL),(40,9,11,'小零','1','1','female','0','2022-06-11 09:35:04','2022-06-11 09:35:04','0','0',0,'福建省福州市福州大学','嘻嘻怪','13722331203','1654940104403',NULL),(41,9,11,'李华','1','1','female','0','2022-06-11 09:35:52','2022-06-11 09:35:52','0','0',0,'福建省福州市福州大学','嘻嘻怪','13722331203','1654940152306',NULL),(42,9,11,'小哈','1','1','female','0','2022-06-11 09:38:01','2022-06-11 09:38:01','0','0',0,'福建省福州市福州大学','嘻嘻怪','13722331203','1654940281482',NULL),(43,9,11,'张三','3','3','male','0','2022-06-11 09:43:29','2022-06-11 09:43:29','11','1',0,'福建省福州市福州大学','嘻嘻怪','12233447778','1654940609098',NULL),(44,9,11,'11','1','1','female','0','2022-06-11 09:44:10','2022-06-11 09:44:10','1','1',0,'福建省福州市福州大学','嘻嘻怪','13799337091','1654940650235',NULL),(45,9,11,'丑丑','1','13个月','female','0','2022-06-11 09:51:45','2022-06-11 09:51:45','11','11',0,'福建省福州市福州大学','嘻嘻怪','13722331203','1654941105132',NULL);

/*Table structure for table `categories` */

DROP TABLE IF EXISTS `categories`;

CREATE TABLE `categories` (
  `id` bigint NOT NULL AUTO_INCREMENT,
  `module` varchar(200) CHARACTER SET utf8 COLLATE utf8_general_ci DEFAULT NULL COMMENT '模块 notice adopt',
  `value` varchar(200) DEFAULT NULL COMMENT '名字',
  `description` text COMMENT '描述',
  PRIMARY KEY (`id`)
) ENGINE=InnoDB AUTO_INCREMENT=1533069751268466694 DEFAULT CHARSET=utf8mb3;

/*Data for the table `categories` */

insert  into `categories`(`id`,`module`,`value`,`description`) values (1,'notice','志愿活动','notice'),(2,'notice','宠物救助基地','notice'),(3,'notice','曝光','notice'),(4,'adopt','领养','adopt'),(5,'adopt','送样','adopt'),(6,'community','紧急寻宠','community'),(7,'community','提问求助','community'),(8,'community','萌宠故事','community'),(9,'community','其他','community'),(1533069751268466691,'adopt','猫',NULL),(1533069751268466692,'adopt','狗',NULL),(1533069751268466693,'adopt',NULL,NULL);

/*Table structure for table `comment` */

DROP TABLE IF EXISTS `comment`;

CREATE TABLE `comment` (
  `id` bigint NOT NULL AUTO_INCREMENT,
  `userId` bigint DEFAULT NULL COMMENT '用户id',
  `content` text COMMENT '内容',
  `likeCount` bigint DEFAULT '0' COMMENT '点赞总数',
  `create_time` datetime DEFAULT NULL COMMENT '创建时间',
  `update_time` datetime DEFAULT NULL COMMENT '更新时间',
  `version` bigint DEFAULT '1' COMMENT '版本',
  `deleted` bigint DEFAULT '0',
  `postId` bigint DEFAULT NULL,
  PRIMARY KEY (`id`)
) ENGINE=InnoDB AUTO_INCREMENT=14 DEFAULT CHARSET=utf8mb3;

/*Data for the table `comment` */

insert  into `comment`(`id`,`userId`,`content`,`likeCount`,`create_time`,`update_time`,`version`,`deleted`,`postId`) values (1,1,'11',0,'2022-06-04 13:02:00','2022-06-04 13:02:00',1,0,1),(2,1,'22',0,'2022-06-04 13:02:03','2022-06-04 13:02:03',1,0,1),(3,1,'33',0,'2022-06-04 13:02:05','2022-06-04 13:02:05',1,0,1),(4,1,'44',0,'2022-06-04 13:02:08','2022-06-04 13:02:08',1,0,1),(5,1,'defr',0,'2022-06-06 06:56:00','2022-06-06 06:56:00',1,0,43),(6,1,'deffrfrr',0,'2022-06-06 06:56:07','2022-06-06 06:56:07',1,0,43),(7,6,'ccccccccc',0,'2022-06-09 07:32:45','2022-06-09 07:32:45',1,0,60),(8,6,'评论！',0,'2022-06-09 07:41:29','2022-06-09 07:41:29',1,0,60),(9,6,'评论',0,'2022-06-09 07:43:39','2022-06-09 07:43:39',1,0,47),(10,6,'cc',0,'2022-06-09 08:21:58','2022-06-09 08:21:58',1,0,47),(11,8,'评论',0,'2022-06-09 09:18:47','2022-06-09 09:18:47',1,0,61),(12,8,'评论',0,'2022-06-09 09:18:59','2022-06-09 09:18:59',1,0,61),(13,8,'评论',0,'2022-06-09 09:19:12','2022-06-09 09:19:12',1,0,65);

/*Table structure for table `images` */

DROP TABLE IF EXISTS `images`;

CREATE TABLE `images` (
  `id` bigint NOT NULL AUTO_INCREMENT,
  `workId` bigint DEFAULT NULL COMMENT '功能id',
  `path` text COMMENT '图片路径',
  `module` varchar(200) DEFAULT NULL COMMENT '模块名字',
  PRIMARY KEY (`id`)
) ENGINE=InnoDB AUTO_INCREMENT=54 DEFAULT CHARSET=utf8mb3;

/*Data for the table `images` */

insert  into `images`(`id`,`workId`,`path`,`module`) values (1,9,'string','adopt'),(2,9,'d','adopt'),(3,9,'a','adopt'),(4,9,'Q','adopt'),(5,9,'E','adopt'),(6,9,'Q','adopt'),(7,13,'上传失败','adopt'),(8,14,'http://8.130.8.164:8080/img/re/resource/petFinder_983690363690684416.jpg','adopt'),(9,14,'http://8.130.8.164:8080/img/re/resource/petFinder_983690365586509824.jpg','adopt'),(10,15,'http://8.130.8.164:8080/img/re/resource/petFinder_983735865702486016.jpg','adopt'),(11,15,'http://8.130.8.164:8080/img/re/resource/petFinder_983735867401179136.jpg','adopt'),(12,16,'http://8.130.8.164:8080/img/re/resource/petFinder_984903121090252800.jpg','adopt'),(13,17,'http://8.130.8.164:8080/img/re/resource/petFinder_984903267752480768.jpg','adopt'),(14,18,'http://8.130.8.164:8080/img/re/resource/petFinder_984903276812177408.jpg','adopt'),(15,19,'http://8.130.8.164:8080/img/re/resource/petFinder_984924746070233088.jpg','adopt'),(16,20,'http://8.130.8.164:8080/img/re/resource/petFinder_984933342413721600.jpg','adopt'),(17,20,'http://8.130.8.164:8080/img/re/resource/petFinder_984933348600320000.jpg','adopt'),(18,21,'http://8.130.8.164:8080/img/re/resource/petFinder_984934502805671936.jpg','adopt'),(19,22,'http://8.130.8.164:8080/img/re/resource/petFinder_984936975092027392.jpg','adopt'),(20,23,'http://8.130.8.164:8080/img/re/resource/petFinder_984938217981743104.jpg','adopt'),(21,24,'http://8.130.8.164:8080/img/re/resource/petFinder_984944320417239040.jpg','adopt'),(22,24,'http://8.130.8.164:8080/img/re/resource/petFinder_984944325643341824.jpg','adopt'),(23,25,'http://8.130.8.164:8080/img/re/resource/petFinder_984984621575966720.jpg','adopt'),(24,26,'http://8.130.8.164:8080/img/re/resource/petFinder_984984871707480064.jpg','adopt'),(25,27,'http://8.130.8.164:8080/img/re/resource/petFinder_985005173304856576.jpg','adopt'),(26,28,'http://8.130.8.164:8080/img/re/resource/petFinder_985006278378131456.jpg','adopt'),(27,30,'http://8.130.8.164:8080/img/re/resource/petFinder_985170195578490880.jpg','adopt'),(28,29,'http://8.130.8.164:8080/img/re/resource/petFinder_985170191400964096.jpg','adopt'),(29,30,'http://8.130.8.164:8080/img/re/resource/petFinder_985170197595951104.jpg','adopt'),(30,29,'http://8.130.8.164:8080/img/re/resource/petFinder_985170198610972672.jpg','adopt'),(31,31,'http://8.130.8.164:8080/img/re/resource/petFinder_985202007696609280.jpg','adopt'),(32,32,'http://8.130.8.164:8080/img/re/resource/petFinder_985207174529683456.jpg','adopt'),(33,32,'http://8.130.8.164:8080/img/re/resource/petFinder_985207178279391232.jpg','adopt'),(34,32,'http://8.130.8.164:8080/img/re/resource/petFinder_985207179353133056.jpg','adopt'),(35,32,'http://8.130.8.164:8080/img/re/resource/petFinder_985207180951162880.jpg','adopt'),(36,33,'http://8.130.8.164:8080/img/re/resource/petFinder_985232418002833408.jpg','adopt'),(37,34,'http://8.130.8.164:8080/img/re/resource/petFinder_985233268028870656.jpg','adopt'),(38,34,'http://8.130.8.164:8080/img/re/resource/petFinder_985233269534625792.jpg','adopt'),(39,34,'http://8.130.8.164:8080/img/re/resource/petFinder_985233270251851776.jpg','adopt'),(40,35,'http://8.130.8.164:8080/img/re/resource/petFinder_985233916870922240.jpg','adopt'),(41,35,'http://8.130.8.164:8080/img/re/resource/petFinder_985233918607364096.jpg','adopt'),(42,35,'http://8.130.8.164:8080/img/re/resource/petFinder_985233919391698944.jpg','adopt'),(43,35,'http://8.130.8.164:8080/img/re/resource/petFinder_985233920071176192.jpg','adopt'),(44,36,'http://8.130.8.164:8080/img/re/resource/petFinder_985234201987125248.jpg','adopt'),(45,37,'http://8.130.8.164:8080/img/re/resource/petFinder_985235160528195584.jpg','adopt'),(46,38,'http://8.130.8.164:8080/img/re/resource/petFinder_985235424609964032.jpg','adopt'),(47,39,'http://8.130.8.164:8080/img/re/resource/petFinder_985235593061601280.jpg','adopt'),(48,40,'http://8.130.8.164:8080/img/re/resource/petFinder_985235736695541760.jpg','adopt'),(49,41,'http://8.130.8.164:8080/img/re/resource/petFinder_985235937598509056.jpg','adopt'),(50,42,'http://8.130.8.164:8080/img/re/resource/petFinder_985236479401922560.jpg','adopt'),(51,43,'http://8.130.8.164:8080/img/re/resource/petFinder_985237853523021824.jpg','adopt'),(52,44,'http://8.130.8.164:8080/img/re/resource/petFinder_985238026072494080.jpg','adopt'),(53,45,'http://8.130.8.164:8080/img/re/resource/petFinder_985239934157852672.jpg','adopt');

/*Table structure for table `likes` */

DROP TABLE IF EXISTS `likes`;

CREATE TABLE `likes` (
  `id` bigint NOT NULL AUTO_INCREMENT COMMENT 'id',
  `userId` bigint DEFAULT NULL COMMENT '用户id',
  `module` varchar(155) DEFAULT NULL COMMENT '模块:community|comment',
  `moduleId` bigint DEFAULT NULL COMMENT '模块id',
  `create_time` datetime DEFAULT NULL,
  `update_time` datetime DEFAULT NULL,
  `type` varchar(100) DEFAULT NULL COMMENT 'like, star',
  `value` bigint DEFAULT '0' COMMENT '1点赞，0不赞',
  PRIMARY KEY (`id`)
) ENGINE=InnoDB AUTO_INCREMENT=281 DEFAULT CHARSET=utf8mb4 COLLATE=utf8mb4_0900_ai_ci;

/*Data for the table `likes` */

/*Table structure for table `logs` */

DROP TABLE IF EXISTS `logs`;

CREATE TABLE `logs` (
  `id` bigint NOT NULL AUTO_INCREMENT,
  `action` text COMMENT '行为',
  `userId` bigint DEFAULT NULL COMMENT '用户id',
  `ip` text COMMENT 'ip地址',
  `create_time` datetime DEFAULT NULL COMMENT '创建时间',
  PRIMARY KEY (`id`)
) ENGINE=InnoDB AUTO_INCREMENT=165 DEFAULT CHARSET=utf8mb3;

/*Data for the table `logs` */

insert  into `logs`(`id`,`action`,`userId`,`ip`,`create_time`) values (99,'登录系统',1,'192.168.198.1','2022-05-10 07:27:24'),(100,'登录系统',1,'192.168.198.1','2022-05-10 07:56:07'),(101,'登录系统',1,'192.168.198.1','2022-05-13 07:12:51'),(102,'登录系统',1,'172.16.69.123','2022-05-16 04:40:30'),(103,'登录系统',1,'172.16.174.135','2022-05-16 04:56:50'),(104,'登录系统',1,'192.168.13.1','2022-06-03 06:46:18'),(105,'登录系统',1,'192.168.13.1','2022-06-04 12:29:35'),(106,'登录系统',1,'192.168.13.1','2022-06-04 13:18:33'),(107,'登录系统',1,'192.168.13.1','2022-06-06 06:15:53'),(108,'登录系统',1,'192.168.13.1','2022-06-06 08:12:14'),(109,'登录系统',1,'192.168.13.1','2022-06-06 13:16:42'),(110,'登录系统',5,'192.168.13.1','2022-06-06 13:58:22'),(111,'登录系统',6,'192.168.13.1','2022-06-06 15:03:36'),(112,'登录系统',6,'192.168.13.1','2022-06-06 15:14:43'),(113,'登录系统',1,'192.168.13.1','2022-06-06 15:16:20'),(114,'登录系统',1,'192.168.13.1','2022-06-07 03:09:00'),(115,'登录系统',6,'192.168.13.1','2022-06-07 06:48:27'),(116,'登录系统',6,'192.168.13.1','2022-06-07 06:48:32'),(117,'登录系统',6,'192.168.13.1','2022-06-07 06:49:02'),(118,'登录系统',6,'192.168.13.1','2022-06-07 06:49:06'),(119,'登录系统',6,'192.168.13.1','2022-06-08 02:33:48'),(120,'登录系统',6,'192.168.13.1','2022-06-08 02:49:39'),(121,'登录系统',6,'192.168.13.1','2022-06-08 02:59:38'),(122,'登录系统',6,'192.168.13.1','2022-06-08 03:01:33'),(123,'登录系统',6,'192.168.13.1','2022-06-08 03:05:26'),(124,'登录系统',6,'192.168.13.1','2022-06-08 07:38:56'),(125,'登录系统',6,'192.168.13.1','2022-06-08 07:40:10'),(126,'登录系统',6,'192.168.13.1','2022-06-08 08:42:08'),(127,'登录系统',6,'192.168.13.1','2022-06-08 08:42:52'),(128,'登录系统',6,'192.168.13.1','2022-06-08 08:43:43'),(129,'登录系统',6,'192.168.13.1','2022-06-08 08:54:56'),(130,'登录系统',6,'192.168.13.1','2022-06-08 09:06:05'),(131,'登录系统',6,'192.168.13.1','2022-06-09 01:41:13'),(132,'登录系统',7,'192.168.13.1','2022-06-09 02:22:37'),(133,'登录系统',6,'192.168.13.1','2022-06-09 02:29:09'),(134,'登录系统',8,'192.168.13.1','2022-06-09 02:30:43'),(135,'登录系统',8,'192.168.13.1','2022-06-09 02:33:13'),(136,'登录系统',7,'192.168.13.1','2022-06-09 02:33:46'),(137,'登录系统',8,'192.168.13.1','2022-06-09 02:46:30'),(138,'登录系统',7,'192.168.13.1','2022-06-09 02:52:27'),(139,'登录系统',8,'192.168.13.1','2022-06-09 02:53:38'),(140,'登录系统',8,'192.168.13.1','2022-06-09 03:03:13'),(141,'登录系统',8,'192.168.13.1','2022-06-09 03:04:37'),(142,'登录系统',6,'192.168.13.1','2022-06-09 03:08:24'),(143,'登录系统',1,'192.168.13.1','2022-06-09 03:11:08'),(144,'登录系统',6,'192.168.13.1','2022-06-09 03:12:24'),(145,'登录系统',6,'192.168.13.1','2022-06-09 03:52:17'),(146,'登录系统',6,'192.168.13.1','2022-06-09 03:59:47'),(147,'登录系统',6,'192.168.13.1','2022-06-09 06:44:00'),(148,'登录系统',8,'192.168.13.1','2022-06-09 09:17:06'),(149,'登录系统',8,'192.168.13.1','2022-06-10 01:53:33'),(150,'登录系统',8,'192.168.13.1','2022-06-10 02:06:09'),(151,'登录系统',8,'192.168.13.1','2022-06-10 02:11:40'),(152,'登录系统',8,'192.168.13.1','2022-06-10 03:44:39'),(153,'登录系统',1,'192.168.13.1','2022-06-10 09:08:07'),(154,'登录系统',1,'192.168.13.1','2022-06-10 11:33:05'),(155,'登录系统',1,'192.168.13.1','2022-06-10 11:51:17'),(156,'登录系统',1,'192.168.13.1','2022-06-10 12:58:56'),(157,'登录系统',1,'192.168.13.1','2022-06-10 13:18:12'),(158,'登录系统',8,'192.168.13.1','2022-06-10 14:05:32'),(159,'登录系统',1,'192.168.13.1','2022-06-10 15:48:59'),(160,'登录系统',1,'192.168.13.1','2022-06-10 16:00:26'),(161,'登录系统',1,'192.168.13.1','2022-06-10 16:19:53'),(162,'登录系统',8,'192.168.13.1','2022-06-10 18:13:53'),(163,'登录系统',1,'192.168.13.1','2022-06-11 00:58:03'),(164,'登录系统',9,'192.168.13.1','2022-06-11 09:10:23');

/*Table structure for table `notice` */

DROP TABLE IF EXISTS `notice`;

CREATE TABLE `notice` (
  `id` bigint NOT NULL AUTO_INCREMENT,
  `userId` bigint DEFAULT NULL COMMENT '发布人id',
  `categoriesId` bigint DEFAULT NULL COMMENT '分类id',
  `title` text COMMENT '标题',
  `content` text COMMENT '内容',
  `create_time` datetime DEFAULT NULL COMMENT '创建时间',
  `update_time` datetime DEFAULT NULL COMMENT '更新时间',
  `click` bigint DEFAULT NULL COMMENT '点击率',
  `star` bigint DEFAULT NULL COMMENT '收藏量',
  `version` bigint DEFAULT '1' COMMENT '乐观锁',
  PRIMARY KEY (`id`)
) ENGINE=InnoDB AUTO_INCREMENT=10 DEFAULT CHARSET=utf8mb3;

/*Data for the table `notice` */

insert  into `notice`(`id`,`userId`,`categoriesId`,`title`,`content`,`create_time`,`update_time`,`click`,`star`,`version`) values (1,1,1,'5.13志愿者活动','5.13志愿者活动','2022-05-13 07:22:28','2022-05-16 04:41:55',0,0,3),(2,1,1,'5.14志愿者活动','5.14志愿者活动','2022-05-13 07:22:35','2022-05-13 07:22:35',0,0,1),(3,1,1,'5.15志愿者活动','5.15志愿者活动','2022-05-13 07:22:40','2022-05-13 07:22:40',0,0,1),(4,1,2,'福州宠物基地','福州宠物基地','2022-05-13 07:24:23','2022-05-13 07:24:23',0,0,1),(5,1,2,'厦门宠物基地','厦门宠物基地','2022-05-13 07:24:33','2022-05-13 07:24:33',0,0,1),(6,1,2,'泉州宠物基地','泉州宠物基地','2022-05-13 07:24:52','2022-05-13 07:24:52',0,0,1),(7,1,2,'三明宠物基地','三明宠物基地','2022-05-13 07:25:03','2022-05-13 07:25:03',0,0,1),(8,1,3,'福州一家宠物店黑幕','哇哈哈哈哈哈哈哈哈哈哈哈哈哈哈哈哈哈哈','2022-05-13 07:25:59','2022-06-07 06:12:07',0,0,7),(9,1,1,'1测试标题','测试','2022-05-16 04:57:28','2022-05-16 04:57:28',0,0,1);

/*Table structure for table `others` */

DROP TABLE IF EXISTS `others`;

CREATE TABLE `others` (
  `id` bigint NOT NULL AUTO_INCREMENT,
  `userId` bigint DEFAULT NULL,
  `module` varchar(200) DEFAULT NULL COMMENT 'like',
  `type` varchar(200) DEFAULT NULL COMMENT 'community',
  `create_time` datetime DEFAULT NULL,
  `update_time` datetime DEFAULT NULL,
  `deleted` bigint DEFAULT '0',
  `value` bigint DEFAULT '0',
  `postId` bigint DEFAULT NULL,
  PRIMARY KEY (`id`)
) ENGINE=InnoDB AUTO_INCREMENT=267 DEFAULT CHARSET=utf8mb3;

/*Data for the table `others` */

insert  into `others`(`id`,`userId`,`module`,`type`,`create_time`,`update_time`,`deleted`,`value`,`postId`) values (6,1,'community','like','2022-06-06 06:45:38','2022-06-11 01:14:16',0,1,43),(7,2,'community','like','2022-06-06 06:45:38','2022-06-06 06:45:38',0,0,43),(8,1,'community','like','2022-06-06 06:54:17','2022-06-11 01:14:19',0,1,44),(9,2,'community','like','2022-06-06 06:54:17','2022-06-06 06:54:17',0,0,44),(10,1,'community','like','2022-06-06 06:54:20','2022-06-06 06:54:20',0,0,45),(11,2,'community','like','2022-06-06 06:54:20','2022-06-06 06:54:20',0,0,45),(12,1,'community','like','2022-06-06 06:54:21','2022-06-06 06:54:21',0,0,46),(13,2,'community','like','2022-06-06 06:54:21','2022-06-06 06:54:21',0,0,46),(14,1,'community','like','2022-06-09 06:44:34','2022-06-09 06:44:34',0,0,47),(15,5,'community','like','2022-06-09 06:44:34','2022-06-09 06:44:34',0,0,47),(16,6,'community','like','2022-06-09 06:44:34','2022-06-09 09:01:12',0,1,47),(17,7,'community','like','2022-06-09 06:44:34','2022-06-09 06:44:34',0,0,47),(18,8,'community','like','2022-06-09 06:44:34','2022-06-11 05:05:58',0,0,47),(19,1,'community','like','2022-06-09 06:46:23','2022-06-09 06:46:23',0,0,48),(20,5,'community','like','2022-06-09 06:46:23','2022-06-09 06:46:23',0,0,48),(21,6,'community','like','2022-06-09 06:46:23','2022-06-09 06:46:23',0,0,48),(22,7,'community','like','2022-06-09 06:46:23','2022-06-09 06:46:23',0,0,48),(23,8,'community','like','2022-06-09 06:46:23','2022-06-09 06:46:23',0,0,48),(24,1,'community','like','2022-06-09 06:48:58','2022-06-09 06:48:58',0,0,52),(25,5,'community','like','2022-06-09 06:48:58','2022-06-09 06:48:58',0,0,52),(26,6,'community','like','2022-06-09 06:48:58','2022-06-09 08:32:51',0,1,52),(27,7,'community','like','2022-06-09 06:48:58','2022-06-09 06:48:58',0,0,52),(28,8,'community','like','2022-06-09 06:48:58','2022-06-11 05:06:11',0,0,52),(29,1,'community','like','2022-06-09 06:49:55','2022-06-09 06:49:55',0,0,53),(30,5,'community','like','2022-06-09 06:49:55','2022-06-09 06:49:55',0,0,53),(31,6,'community','like','2022-06-09 06:49:55','2022-06-09 06:49:55',0,0,53),(32,7,'community','like','2022-06-09 06:49:55','2022-06-09 06:49:55',0,0,53),(33,8,'community','like','2022-06-09 06:49:55','2022-06-09 06:49:55',0,0,53),(34,1,'community','like','2022-06-09 06:50:16','2022-06-09 06:50:16',0,0,54),(35,5,'community','like','2022-06-09 06:50:16','2022-06-09 06:50:16',0,0,54),(36,6,'community','like','2022-06-09 06:50:16','2022-06-09 09:02:46',0,1,54),(37,7,'community','like','2022-06-09 06:50:16','2022-06-09 06:50:16',0,0,54),(38,8,'community','like','2022-06-09 06:50:16','2022-06-09 06:50:16',0,0,54),(39,1,'community','like','2022-06-09 06:50:56','2022-06-09 06:50:56',0,0,55),(40,5,'community','like','2022-06-09 06:50:56','2022-06-09 06:50:56',0,0,55),(41,6,'community','like','2022-06-09 06:50:56','2022-06-09 06:50:56',0,0,55),(42,7,'community','like','2022-06-09 06:50:56','2022-06-09 06:50:56',0,0,55),(43,8,'community','like','2022-06-09 06:50:56','2022-06-09 06:50:56',0,0,55),(44,1,'community','like','2022-06-09 06:57:15','2022-06-09 06:57:15',0,0,56),(45,5,'community','like','2022-06-09 06:57:15','2022-06-09 06:57:15',0,0,56),(46,6,'community','like','2022-06-09 06:57:15','2022-06-09 06:57:15',0,0,56),(47,7,'community','like','2022-06-09 06:57:15','2022-06-09 06:57:15',0,0,56),(48,8,'community','like','2022-06-09 06:57:15','2022-06-09 06:57:15',0,0,56),(49,1,'community','like','2022-06-09 06:58:00','2022-06-09 06:58:00',0,0,57),(50,5,'community','like','2022-06-09 06:58:00','2022-06-09 06:58:00',0,0,57),(51,6,'community','like','2022-06-09 06:58:00','2022-06-09 06:58:00',0,0,57),(52,7,'community','like','2022-06-09 06:58:00','2022-06-09 06:58:00',0,0,57),(53,8,'community','like','2022-06-09 06:58:00','2022-06-09 06:58:00',0,0,57),(54,1,'community','like','2022-06-09 06:58:14','2022-06-09 06:58:14',0,0,58),(55,5,'community','like','2022-06-09 06:58:14','2022-06-09 06:58:14',0,0,58),(56,6,'community','like','2022-06-09 06:58:14','2022-06-09 06:58:14',0,0,58),(57,7,'community','like','2022-06-09 06:58:14','2022-06-09 06:58:14',0,0,58),(58,8,'community','like','2022-06-09 06:58:14','2022-06-09 06:58:14',0,0,58),(59,1,'community','like','2022-06-09 08:13:29','2022-06-09 08:13:29',0,0,62),(60,5,'community','like','2022-06-09 08:13:29','2022-06-09 08:13:29',0,0,62),(61,6,'community','like','2022-06-09 08:13:29','2022-06-09 08:13:29',0,0,62),(62,7,'community','like','2022-06-09 08:13:29','2022-06-09 08:13:29',0,0,62),(63,8,'community','like','2022-06-09 08:13:29','2022-06-09 08:13:29',0,0,62),(64,1,'community','like','2022-06-09 08:13:34','2022-06-09 08:13:34',0,0,63),(65,5,'community','like','2022-06-09 08:13:34','2022-06-09 08:13:34',0,0,63),(66,6,'community','like','2022-06-09 08:13:34','2022-06-09 08:13:34',0,0,63),(67,7,'community','like','2022-06-09 08:13:34','2022-06-09 08:13:34',0,0,63),(68,8,'community','like','2022-06-09 08:13:34','2022-06-10 02:05:21',0,1,63),(69,1,'community','like','2022-06-09 08:13:37','2022-06-09 08:13:37',0,0,64),(70,5,'community','like','2022-06-09 08:13:37','2022-06-09 08:13:37',0,0,64),(71,6,'community','like','2022-06-09 08:13:37','2022-06-09 09:14:35',0,1,64),(72,7,'community','like','2022-06-09 08:13:37','2022-06-09 08:13:37',0,0,64),(73,8,'community','like','2022-06-09 08:13:37','2022-06-09 08:13:37',0,0,64),(74,1,'community','like','2022-06-09 08:13:42','2022-06-09 08:13:42',0,0,65),(75,5,'community','like','2022-06-09 08:13:42','2022-06-09 08:13:42',0,0,65),(76,6,'community','like','2022-06-09 08:13:42','2022-06-09 08:13:42',0,0,65),(77,7,'community','like','2022-06-09 08:13:42','2022-06-09 08:13:42',0,0,65),(78,8,'community','like','2022-06-09 08:13:42','2022-06-09 09:19:09',0,1,65),(79,1,'community','like','2022-06-09 08:13:45','2022-06-09 08:13:45',0,0,66),(80,5,'community','like','2022-06-09 08:13:45','2022-06-09 08:13:45',0,0,66),(81,6,'community','like','2022-06-09 08:13:45','2022-06-09 09:14:42',0,1,66),(82,7,'community','like','2022-06-09 08:13:45','2022-06-09 08:13:45',0,0,66),(83,8,'community','like','2022-06-09 08:13:45','2022-06-09 08:13:45',0,0,66),(84,1,'community','like','2022-06-09 08:13:52','2022-06-09 08:13:52',0,0,67),(85,5,'community','like','2022-06-09 08:13:52','2022-06-09 08:13:52',0,0,67),(86,6,'community','like','2022-06-09 08:13:52','2022-06-09 09:14:50',0,1,67),(87,7,'community','like','2022-06-09 08:13:52','2022-06-09 08:13:52',0,0,67),(88,8,'community','like','2022-06-09 08:13:52','2022-06-09 08:13:52',0,0,67),(89,1,'community','like','2022-06-09 08:13:56','2022-06-09 08:13:56',0,0,68),(90,5,'community','like','2022-06-09 08:13:56','2022-06-09 08:13:56',0,0,68),(91,6,'community','like','2022-06-09 08:13:56','2022-06-09 08:13:56',0,0,68),(92,7,'community','like','2022-06-09 08:13:56','2022-06-09 08:13:56',0,0,68),(93,8,'community','like','2022-06-09 08:13:56','2022-06-10 03:45:14',0,1,68),(94,1,'adopt','star','2022-06-10 11:33:30','2022-06-10 11:33:30',0,0,16),(95,5,'adopt','star','2022-06-10 11:33:30','2022-06-10 11:33:30',0,0,16),(96,6,'adopt','star','2022-06-10 11:33:30','2022-06-10 11:33:30',0,0,16),(97,7,'adopt','star','2022-06-10 11:33:30','2022-06-10 11:33:30',0,0,16),(98,8,'adopt','star','2022-06-10 11:33:30','2022-06-10 14:48:03',0,0,16),(99,1,'adopt','star','2022-06-10 11:33:58','2022-06-10 11:33:58',0,0,17),(100,5,'adopt','star','2022-06-10 11:33:58','2022-06-10 11:33:58',0,0,17),(101,6,'adopt','star','2022-06-10 11:33:58','2022-06-10 11:33:58',0,0,17),(102,7,'adopt','star','2022-06-10 11:33:58','2022-06-10 11:33:58',0,0,17),(103,8,'adopt','star','2022-06-10 11:33:58','2022-06-10 11:33:58',0,0,17),(104,1,'adopt','star','2022-06-10 11:34:00','2022-06-10 11:44:06',0,1,18),(105,5,'adopt','star','2022-06-10 11:34:00','2022-06-10 11:34:00',0,0,18),(106,6,'adopt','star','2022-06-10 11:34:00','2022-06-10 11:34:00',0,0,18),(107,7,'adopt','star','2022-06-10 11:34:00','2022-06-10 11:34:00',0,0,18),(108,8,'adopt','star','2022-06-10 11:34:00','2022-06-10 11:34:00',0,0,18),(109,1,'community','like','2022-06-10 12:32:30','2022-06-10 12:32:30',0,0,69),(110,5,'community','like','2022-06-10 12:32:30','2022-06-10 12:32:30',0,0,69),(111,6,'community','like','2022-06-10 12:32:30','2022-06-10 12:32:30',0,0,69),(112,7,'community','like','2022-06-10 12:32:30','2022-06-10 12:32:30',0,0,69),(113,8,'community','like','2022-06-10 12:32:30','2022-06-10 12:32:46',0,1,69),(114,1,'adopt','star','2022-06-10 12:59:21','2022-06-10 12:59:21',0,0,19),(115,5,'adopt','star','2022-06-10 12:59:21','2022-06-10 12:59:21',0,0,19),(116,6,'adopt','star','2022-06-10 12:59:21','2022-06-10 12:59:21',0,0,19),(117,7,'adopt','star','2022-06-10 12:59:21','2022-06-10 12:59:21',0,0,19),(118,8,'adopt','star','2022-06-10 12:59:21','2022-06-10 12:59:21',0,0,19),(119,1,'adopt','star','2022-06-10 13:33:30','2022-06-10 13:33:30',0,0,20),(120,5,'adopt','star','2022-06-10 13:33:30','2022-06-10 13:33:30',0,0,20),(121,6,'adopt','star','2022-06-10 13:33:30','2022-06-10 13:33:30',0,0,20),(122,7,'adopt','star','2022-06-10 13:33:30','2022-06-10 13:33:30',0,0,20),(123,8,'adopt','star','2022-06-10 13:33:30','2022-06-10 13:33:30',0,0,20),(124,1,'adopt','star','2022-06-10 13:38:05','2022-06-10 13:38:05',0,0,21),(125,5,'adopt','star','2022-06-10 13:38:05','2022-06-10 13:38:05',0,0,21),(126,6,'adopt','star','2022-06-10 13:38:05','2022-06-10 13:38:05',0,0,21),(127,7,'adopt','star','2022-06-10 13:38:05','2022-06-10 13:38:05',0,0,21),(128,8,'adopt','star','2022-06-10 13:38:05','2022-06-10 13:38:05',0,0,21),(129,1,'adopt','star','2022-06-10 13:47:56','2022-06-10 13:47:56',0,0,22),(130,5,'adopt','star','2022-06-10 13:47:56','2022-06-10 13:47:56',0,0,22),(131,6,'adopt','star','2022-06-10 13:47:56','2022-06-10 13:47:56',0,0,22),(132,7,'adopt','star','2022-06-10 13:47:56','2022-06-10 13:47:56',0,0,22),(133,8,'adopt','star','2022-06-10 13:47:56','2022-06-10 14:48:07',0,0,22),(134,1,'adopt','star','2022-06-10 13:52:51','2022-06-10 13:52:51',0,0,23),(135,5,'adopt','star','2022-06-10 13:52:51','2022-06-10 13:52:51',0,0,23),(136,6,'adopt','star','2022-06-10 13:52:51','2022-06-10 13:52:51',0,0,23),(137,7,'adopt','star','2022-06-10 13:52:51','2022-06-10 13:52:51',0,0,23),(138,8,'adopt','star','2022-06-10 13:52:51','2022-06-10 14:46:23',0,1,23),(139,1,'adopt','star','2022-06-10 14:17:07','2022-06-10 14:17:07',0,0,24),(140,5,'adopt','star','2022-06-10 14:17:07','2022-06-10 14:17:07',0,0,24),(141,6,'adopt','star','2022-06-10 14:17:07','2022-06-10 14:17:07',0,0,24),(142,7,'adopt','star','2022-06-10 14:17:07','2022-06-10 14:17:07',0,0,24),(143,8,'adopt','star','2022-06-10 14:17:07','2022-06-10 14:17:07',0,0,24),(144,1,'community','like','2022-06-10 14:53:46','2022-06-10 14:53:46',0,0,70),(145,5,'community','like','2022-06-10 14:53:46','2022-06-10 14:53:46',0,0,70),(146,6,'community','like','2022-06-10 14:53:46','2022-06-10 14:53:46',0,0,70),(147,7,'community','like','2022-06-10 14:53:46','2022-06-10 14:53:46',0,0,70),(148,8,'community','like','2022-06-10 14:53:46','2022-06-10 14:53:46',0,0,70),(149,1,'adopt','star','2022-06-10 16:57:15','2022-06-10 16:57:15',0,0,25),(150,5,'adopt','star','2022-06-10 16:57:15','2022-06-10 16:57:15',0,0,25),(151,6,'adopt','star','2022-06-10 16:57:15','2022-06-10 16:57:15',0,0,25),(152,7,'adopt','star','2022-06-10 16:57:15','2022-06-10 16:57:15',0,0,25),(153,8,'adopt','star','2022-06-10 16:57:15','2022-06-10 16:57:15',0,0,25),(154,1,'adopt','star','2022-06-10 16:58:14','2022-06-10 16:58:14',0,0,26),(155,5,'adopt','star','2022-06-10 16:58:14','2022-06-10 16:58:14',0,0,26),(156,6,'adopt','star','2022-06-10 16:58:14','2022-06-10 16:58:14',0,0,26),(157,7,'adopt','star','2022-06-10 16:58:14','2022-06-10 16:58:14',0,0,26),(158,8,'adopt','star','2022-06-10 16:58:14','2022-06-10 16:58:14',0,0,26),(159,1,'adopt','star','2022-06-10 18:18:54','2022-06-10 18:18:54',0,0,27),(160,5,'adopt','star','2022-06-10 18:18:54','2022-06-10 18:18:54',0,0,27),(161,6,'adopt','star','2022-06-10 18:18:54','2022-06-10 18:18:54',0,0,27),(162,7,'adopt','star','2022-06-10 18:18:54','2022-06-10 18:18:54',0,0,27),(163,8,'adopt','star','2022-06-10 18:18:54','2022-06-10 18:26:18',0,1,27),(164,1,'adopt','star','2022-06-10 18:23:19','2022-06-10 18:23:19',0,0,28),(165,5,'adopt','star','2022-06-10 18:23:19','2022-06-10 18:23:19',0,0,28),(166,6,'adopt','star','2022-06-10 18:23:19','2022-06-10 18:23:19',0,0,28),(167,7,'adopt','star','2022-06-10 18:23:19','2022-06-10 18:23:19',0,0,28),(168,8,'adopt','star','2022-06-10 18:23:19','2022-06-10 18:23:19',0,0,28),(169,1,'adopt','star','2022-06-11 05:14:39','2022-06-11 05:14:39',0,0,30),(170,5,'adopt','star','2022-06-11 05:14:39','2022-06-11 05:14:39',0,0,30),(171,6,'adopt','star','2022-06-11 05:14:39','2022-06-11 05:14:39',0,0,30),(172,7,'adopt','star','2022-06-11 05:14:39','2022-06-11 05:14:39',0,0,30),(173,8,'adopt','star','2022-06-11 05:14:39','2022-06-11 05:14:39',0,0,30),(174,1,'adopt','star','2022-06-11 05:14:39','2022-06-11 05:14:39',0,0,29),(175,5,'adopt','star','2022-06-11 05:14:39','2022-06-11 05:14:39',0,0,29),(176,6,'adopt','star','2022-06-11 05:14:39','2022-06-11 05:14:39',0,0,29),(177,7,'adopt','star','2022-06-11 05:14:39','2022-06-11 05:14:39',0,0,29),(178,8,'adopt','star','2022-06-11 05:14:39','2022-06-11 05:14:39',0,0,29),(179,1,'adopt','star','2022-06-11 07:21:04','2022-06-11 07:21:04',0,0,31),(180,5,'adopt','star','2022-06-11 07:21:04','2022-06-11 07:21:04',0,0,31),(181,6,'adopt','star','2022-06-11 07:21:04','2022-06-11 07:21:04',0,0,31),(182,7,'adopt','star','2022-06-11 07:21:04','2022-06-11 07:21:04',0,0,31),(183,8,'adopt','star','2022-06-11 07:21:04','2022-06-11 07:21:04',0,0,31),(184,1,'adopt','star','2022-06-11 07:41:37','2022-06-11 07:41:37',0,0,32),(185,5,'adopt','star','2022-06-11 07:41:37','2022-06-11 07:41:37',0,0,32),(186,6,'adopt','star','2022-06-11 07:41:37','2022-06-11 07:41:37',0,0,32),(187,7,'adopt','star','2022-06-11 07:41:37','2022-06-11 07:41:37',0,0,32),(188,8,'adopt','star','2022-06-11 07:41:37','2022-06-11 07:41:37',0,0,32),(189,1,'adopt','star','2022-06-11 09:21:55','2022-06-11 09:21:55',0,0,33),(190,5,'adopt','star','2022-06-11 09:21:55','2022-06-11 09:21:55',0,0,33),(191,6,'adopt','star','2022-06-11 09:21:55','2022-06-11 09:21:55',0,0,33),(192,7,'adopt','star','2022-06-11 09:21:55','2022-06-11 09:21:55',0,0,33),(193,8,'adopt','star','2022-06-11 09:21:55','2022-06-11 09:21:55',0,0,33),(194,9,'adopt','star','2022-06-11 09:21:55','2022-06-11 09:21:55',0,0,33),(195,1,'adopt','star','2022-06-11 09:25:17','2022-06-11 09:25:17',0,0,34),(196,5,'adopt','star','2022-06-11 09:25:17','2022-06-11 09:25:17',0,0,34),(197,6,'adopt','star','2022-06-11 09:25:17','2022-06-11 09:25:17',0,0,34),(198,7,'adopt','star','2022-06-11 09:25:17','2022-06-11 09:25:17',0,0,34),(199,8,'adopt','star','2022-06-11 09:25:17','2022-06-11 09:25:17',0,0,34),(200,9,'adopt','star','2022-06-11 09:25:17','2022-06-11 09:25:39',0,0,34),(201,1,'adopt','star','2022-06-11 09:27:51','2022-06-11 09:27:51',0,0,35),(202,5,'adopt','star','2022-06-11 09:27:51','2022-06-11 09:27:51',0,0,35),(203,6,'adopt','star','2022-06-11 09:27:52','2022-06-11 09:27:52',0,0,35),(204,7,'adopt','star','2022-06-11 09:27:52','2022-06-11 09:27:52',0,0,35),(205,8,'adopt','star','2022-06-11 09:27:52','2022-06-11 09:27:52',0,0,35),(206,9,'adopt','star','2022-06-11 09:27:52','2022-06-11 09:27:52',0,0,35),(207,1,'adopt','star','2022-06-11 09:28:59','2022-06-11 09:28:59',0,0,36),(208,5,'adopt','star','2022-06-11 09:28:59','2022-06-11 09:28:59',0,0,36),(209,6,'adopt','star','2022-06-11 09:28:59','2022-06-11 09:28:59',0,0,36),(210,7,'adopt','star','2022-06-11 09:28:59','2022-06-11 09:28:59',0,0,36),(211,8,'adopt','star','2022-06-11 09:28:59','2022-06-11 09:28:59',0,0,36),(212,9,'adopt','star','2022-06-11 09:28:59','2022-06-11 09:28:59',0,0,36),(213,1,'adopt','star','2022-06-11 09:32:48','2022-06-11 09:32:48',0,0,37),(214,5,'adopt','star','2022-06-11 09:32:48','2022-06-11 09:32:48',0,0,37),(215,6,'adopt','star','2022-06-11 09:32:48','2022-06-11 09:32:48',0,0,37),(216,7,'adopt','star','2022-06-11 09:32:48','2022-06-11 09:32:48',0,0,37),(217,8,'adopt','star','2022-06-11 09:32:48','2022-06-11 09:32:48',0,0,37),(218,9,'adopt','star','2022-06-11 09:32:48','2022-06-11 09:32:48',0,0,37),(219,1,'adopt','star','2022-06-11 09:33:50','2022-06-11 09:33:50',0,0,38),(220,5,'adopt','star','2022-06-11 09:33:50','2022-06-11 09:33:50',0,0,38),(221,6,'adopt','star','2022-06-11 09:33:50','2022-06-11 09:33:50',0,0,38),(222,7,'adopt','star','2022-06-11 09:33:50','2022-06-11 09:33:50',0,0,38),(223,8,'adopt','star','2022-06-11 09:33:50','2022-06-11 09:33:50',0,0,38),(224,9,'adopt','star','2022-06-11 09:33:50','2022-06-11 09:33:50',0,0,38),(225,1,'adopt','star','2022-06-11 09:34:30','2022-06-11 09:34:30',0,0,39),(226,5,'adopt','star','2022-06-11 09:34:30','2022-06-11 09:34:30',0,0,39),(227,6,'adopt','star','2022-06-11 09:34:31','2022-06-11 09:34:31',0,0,39),(228,7,'adopt','star','2022-06-11 09:34:31','2022-06-11 09:34:31',0,0,39),(229,8,'adopt','star','2022-06-11 09:34:31','2022-06-11 09:34:31',0,0,39),(230,9,'adopt','star','2022-06-11 09:34:31','2022-06-11 09:34:31',0,0,39),(231,1,'adopt','star','2022-06-11 09:35:05','2022-06-11 09:35:05',0,0,40),(232,5,'adopt','star','2022-06-11 09:35:05','2022-06-11 09:35:05',0,0,40),(233,6,'adopt','star','2022-06-11 09:35:05','2022-06-11 09:35:05',0,0,40),(234,7,'adopt','star','2022-06-11 09:35:05','2022-06-11 09:35:05',0,0,40),(235,8,'adopt','star','2022-06-11 09:35:05','2022-06-11 09:35:05',0,0,40),(236,9,'adopt','star','2022-06-11 09:35:05','2022-06-11 09:35:05',0,0,40),(237,1,'adopt','star','2022-06-11 09:35:53','2022-06-11 09:35:53',0,0,41),(238,5,'adopt','star','2022-06-11 09:35:53','2022-06-11 09:35:53',0,0,41),(239,6,'adopt','star','2022-06-11 09:35:53','2022-06-11 09:35:53',0,0,41),(240,7,'adopt','star','2022-06-11 09:35:53','2022-06-11 09:35:53',0,0,41),(241,8,'adopt','star','2022-06-11 09:35:53','2022-06-11 09:35:53',0,0,41),(242,9,'adopt','star','2022-06-11 09:35:53','2022-06-11 09:35:53',0,0,41),(243,1,'adopt','star','2022-06-11 09:38:02','2022-06-11 09:38:02',0,0,42),(244,5,'adopt','star','2022-06-11 09:38:02','2022-06-11 09:38:02',0,0,42),(245,6,'adopt','star','2022-06-11 09:38:02','2022-06-11 09:38:02',0,0,42),(246,7,'adopt','star','2022-06-11 09:38:02','2022-06-11 09:38:02',0,0,42),(247,8,'adopt','star','2022-06-11 09:38:02','2022-06-11 09:38:02',0,0,42),(248,9,'adopt','star','2022-06-11 09:38:02','2022-06-11 09:38:02',0,0,42),(249,1,'adopt','star','2022-06-11 09:43:31','2022-06-11 09:43:31',0,0,43),(250,5,'adopt','star','2022-06-11 09:43:31','2022-06-11 09:43:31',0,0,43),(251,6,'adopt','star','2022-06-11 09:43:31','2022-06-11 09:43:31',0,0,43),(252,7,'adopt','star','2022-06-11 09:43:31','2022-06-11 09:43:31',0,0,43),(253,8,'adopt','star','2022-06-11 09:43:31','2022-06-11 09:43:31',0,0,43),(254,9,'adopt','star','2022-06-11 09:43:31','2022-06-11 09:43:31',0,0,43),(255,1,'adopt','star','2022-06-11 09:44:11','2022-06-11 09:44:11',0,0,44),(256,5,'adopt','star','2022-06-11 09:44:11','2022-06-11 09:44:11',0,0,44),(257,6,'adopt','star','2022-06-11 09:44:11','2022-06-11 09:44:11',0,0,44),(258,7,'adopt','star','2022-06-11 09:44:11','2022-06-11 09:44:11',0,0,44),(259,8,'adopt','star','2022-06-11 09:44:11','2022-06-11 09:44:11',0,0,44),(260,9,'adopt','star','2022-06-11 09:44:11','2022-06-11 09:44:11',0,0,44),(261,1,'adopt','star','2022-06-11 09:51:46','2022-06-11 09:51:46',0,0,45),(262,5,'adopt','star','2022-06-11 09:51:46','2022-06-11 09:51:46',0,0,45),(263,6,'adopt','star','2022-06-11 09:51:46','2022-06-11 09:51:46',0,0,45),(264,7,'adopt','star','2022-06-11 09:51:46','2022-06-11 09:51:46',0,0,45),(265,8,'adopt','star','2022-06-11 09:51:46','2022-06-11 09:51:46',0,0,45),(266,9,'adopt','star','2022-06-11 09:51:46','2022-06-11 09:51:46',0,0,45);

/*Table structure for table `post` */

DROP TABLE IF EXISTS `post`;

CREATE TABLE `post` (
  `id` bigint NOT NULL AUTO_INCREMENT,
  `userId` bigint DEFAULT NULL COMMENT '用户名',
  `categoriesId` bigint DEFAULT NULL COMMENT '分类名称',
  `content` text COMMENT '内容',
  `starCount` bigint DEFAULT '0' COMMENT '收藏总数',
  `likeCount` bigint DEFAULT '0' COMMENT '点赞总数',
  `hitCount` bigint DEFAULT '0' COMMENT '观看量',
  `create_time` datetime DEFAULT NULL COMMENT '创建时间',
  `update_time` datetime DEFAULT NULL COMMENT '更新时间',
  `version` bigint DEFAULT '1',
  `deleted` bigint DEFAULT '0',
  PRIMARY KEY (`id`)
) ENGINE=InnoDB AUTO_INCREMENT=71 DEFAULT CHARSET=utf8mb3;

/*Data for the table `post` */

insert  into `post`(`id`,`userId`,`categoriesId`,`content`,`starCount`,`likeCount`,`hitCount`,`create_time`,`update_time`,`version`,`deleted`) values (43,1,6,'steerieeeng',0,0,0,'2022-06-06 06:45:38','2022-06-09 04:02:11',5,0),(44,1,6,'stee2121rieeeng',0,0,0,'2022-06-06 06:54:17','2022-06-09 04:02:14',2,0),(45,1,6,'31',0,0,0,'2022-06-06 06:54:20','2022-06-06 06:54:20',1,0),(46,1,6,'32221',0,0,0,'2022-06-06 06:54:21','2022-06-06 06:54:21',1,0),(47,6,1,'aa',0,0,0,'2022-06-09 06:44:34','2022-06-11 06:10:57',39,0),(48,6,NULL,'',0,0,0,'2022-06-09 06:46:23','2022-06-09 06:46:23',1,0),(49,6,NULL,'',0,0,0,'2022-06-09 06:46:43','2022-06-09 06:46:43',1,0),(50,6,NULL,'',0,0,0,'2022-06-09 06:47:31','2022-06-09 06:47:31',1,0),(51,6,NULL,'',0,0,0,'2022-06-09 06:47:32','2022-06-09 06:47:32',1,0),(52,6,1,'ddd',0,0,0,'2022-06-09 06:48:58','2022-06-11 05:06:09',5,0),(53,6,2,'ccc',0,0,0,'2022-06-09 06:49:55','2022-06-09 06:49:55',1,0),(54,6,1,'ccccc',0,0,0,'2022-06-09 06:50:16','2022-06-09 09:14:10',7,0),(55,6,2,'adf',0,0,0,'2022-06-09 06:50:56','2022-06-09 06:50:56',1,0),(56,6,3,'qwe',0,0,0,'2022-06-09 06:57:15','2022-06-09 06:57:15',1,0),(57,6,3,'qweee',0,0,0,'2022-06-09 06:58:00','2022-06-09 06:58:00',1,0),(58,6,4,'其他',0,0,0,'2022-06-09 06:58:14','2022-06-09 06:58:14',1,0),(59,6,2,'ddd',0,0,0,'2022-06-09 07:26:02','2022-06-09 07:26:02',1,0),(60,6,3,'ddd',0,0,0,'2022-06-09 07:26:19','2022-06-09 08:16:34',2,0),(61,6,1,'ccc',0,0,0,'2022-06-09 07:57:05','2022-06-09 09:18:59',5,0),(62,6,1,'1',0,0,0,'2022-06-09 08:13:29','2022-06-09 08:13:29',1,0),(63,6,1,'2',0,0,0,'2022-06-09 08:13:34','2022-06-10 02:05:19',2,0),(64,6,1,'3',0,0,0,'2022-06-09 08:13:37','2022-06-09 09:14:33',2,0),(65,6,1,'4',0,0,0,'2022-06-09 08:13:42','2022-06-11 07:25:50',6,0),(66,6,1,'5',0,0,0,'2022-06-09 08:13:45','2022-06-09 09:14:40',2,0),(67,6,1,'6',0,0,0,'2022-06-09 08:13:52','2022-06-09 09:14:48',2,0),(68,6,1,'7',0,0,0,'2022-06-09 08:13:56','2022-06-10 03:45:13',2,0),(69,8,4,'其他',0,0,0,'2022-06-10 12:32:29','2022-06-11 06:07:27',5,0),(70,8,2,'c',0,0,0,'2022-06-10 14:53:46','2022-06-10 14:53:46',1,0);

/*Table structure for table `user` */

DROP TABLE IF EXISTS `user`;

CREATE TABLE `user` (
  `id` bigint NOT NULL AUTO_INCREMENT COMMENT '用户id',
  `username` text COMMENT '用户名',
  `password` text COMMENT '密码',
  `tel` text COMMENT '手机号码',
  `email` text COMMENT '邮箱',
  `create_time` datetime DEFAULT NULL COMMENT '创建时间',
  `update_time` datetime DEFAULT NULL COMMENT '修改时间',
  `introduce` text COMMENT '介绍',
  `avatar` text COMMENT '头像',
  `idcard` text COMMENT '身份证',
  `location` text COMMENT '所在地',
  `role` bigint DEFAULT '1' COMMENT '角色：0管理员；1用户',
  `deleted` bigint DEFAULT '0' COMMENT '乐观锁',
  `birthday` text,
  PRIMARY KEY (`id`)
) ENGINE=InnoDB AUTO_INCREMENT=10 DEFAULT CHARSET=utf8mb3;

/*Data for the table `user` */

insert  into `user`(`id`,`username`,`password`,`tel`,`email`,`create_time`,`update_time`,`introduce`,`avatar`,`idcard`,`location`,`role`,`deleted`,`birthday`) values (1,'admin','90b9aa7e25f80cf4f64e990b78a9fc5ebd6cecad','13706988007','1606673007@qq.com','2022-05-10 07:26:57','2022-06-09 03:13:52','管理员','https://img1.baidu.com/it/u=4117401193,3509866561&fm=253&fmt=auto&app=138&f=JPEG?w=500&h=500','0','di2222222qiu',0,0,NULL),(5,'983490046638297088','90b9aa7e25f80cf4f64e990b78a9fc5ebd6cecad','13706988006',NULL,'2022-06-06 13:58:20','2022-06-06 13:58:20',NULL,'https://img1.baidu.com/it/u=4117401193,3509866561&fm=253&fmt=auto&app=138&f=JPEG?w=500&h=500',NULL,NULL,1,0,NULL),(6,'用户5','dce0b27ba675df41e9cc07af80ec59c475810824','13500000000','d@qq.com','2022-06-06 15:02:32','2022-06-09 03:17:01','无无','https://img1.baidu.com/it/u=4117401193,3509866561&fm=253&fmt=auto&app=138&f=JPEG?w=500&h=500',NULL,'福建',1,0,NULL),(7,'用户2','e6ee9813edf81b9e95a92fb5c66871dda80a0b2f','13200000000',NULL,'2022-06-09 02:16:43','2022-06-09 02:53:20','无无','https://img1.baidu.com/it/u=4117401193,3509866561&fm=253&fmt=auto&app=138&f=JPEG?w=500&h=500',NULL,NULL,1,0,NULL),(8,'用户1','e6ee9813edf81b9e95a92fb5c66871dda80a0b2f','13100000000','d@qq.com','2022-06-09 02:30:43','2022-06-10 18:16:58','aaafffdffd','http://8.130.8.164:8080/img/re/resource/petFinder_985004683779248128.jpg',NULL,'常驻',1,0,NULL),(9,'hahah','618e02fc80fa3a0bd41d65f5b54a11fc50426d12','13799337091',NULL,'2022-06-11 09:10:23','2022-06-11 09:11:06',NULL,'https://img1.baidu.com/it/u=4117401193,3509866561&fm=253&fmt=auto&app=138&f=JPEG?w=500&h=500',NULL,NULL,1,0,NULL);

/*!40101 SET SQL_MODE=@OLD_SQL_MODE */;
/*!40014 SET FOREIGN_KEY_CHECKS=@OLD_FOREIGN_KEY_CHECKS */;
/*!40014 SET UNIQUE_CHECKS=@OLD_UNIQUE_CHECKS */;
/*!40111 SET SQL_NOTES=@OLD_SQL_NOTES */;
